local_date_time_full,local_date_time,air_temp,wind_dir,wind_spd_kmh,gust_kmh,rain_trace
20210625133000,25/01:30pm,17.7,WNW,20,35,0.0
20210625140000,25/02:00pm,18.0,WNW,17,26,0.0
20210625143000,25/02:30pm,17.9,WNW,20,33,0.0
20210625150000,25/03:00pm,18.1,WNW,17,24,0.0
20210625153000,25/03:30pm,18.1,WNW,13,24,0.0
20210625160000,25/04:00pm,17.6,NW,11,19,0.0
20210625163000,25/04:30pm,16.6,NW,15,24,0.0
20210625170000,25/05:00pm,15.4,NW,13,19,0.0
20210625173000,25/05:30pm,14.8,NNW,13,17,0.0
20210625180000,25/06:00pm,14.1,NW,9,13,0.0
20210625183000,25/06:30pm,13.7,NW,11,15,0.0
20210625190000,25/07:00pm,13.4,NW,9,13,0.0
20210625193000,25/07:30pm,12.7,NNW,6,9,0.0
20210625200000,25/08:00pm,12.0,NNW,9,13,0.0
20210625203000,25/08:30pm,9.4,ENE,4,9,0.0
20210625210000,25/09:00pm,9.1,CALM,0,0,0.0
20210625213000,25/09:30pm,8.2,CALM,0,0,0.0
20210625220000,25/10:00pm,9.8,N,6,9,0.0
20210625223000,25/10:30pm,8.1,CALM,0,0,0.0
20210625230000,25/11:00pm,9.9,SW,11,19,0.0
20210625233000,25/11:30pm,11.0,W,11,15,0.0
20210626000000,26/12:00am,9.4,CALM,0,6,0.0
20210626003000,26/12:30am,8.7,CALM,0,0,0.0
20210626010000,26/01:00am,7.7,SW,2,6,0.0
20210626013000,26/01:30am,7.6,CALM,0,0,0.0
20210626020000,26/02:00am,7.3,CALM,0,0,0.0
20210626023000,26/02:30am,6.3,CALM,0,7,0.0
20210626030000,26/03:00am,7.1,SW,9,11,0.0
20210626033000,26/03:30am,7.4,SW,7,9,0.0
20210626040000,26/04:00am,6.5,SW,6,7,0.0
20210626043000,26/04:30am,5.6,CALM,0,0,0.0
20210626050000,26/05:00am,5.6,CALM,0,0,0.0
20210626053000,26/05:30am,4.8,WNW,6,7,0.0
20210626060000,26/06:00am,4.3,WSW,7,9,0.0
20210626063000,26/06:30am,4.3,WSW,6,7,0.0
20210626070000,26/07:00am,4.0,WSW,7,9,0.0
20210626073000,26/07:30am,5.0,WSW,7,9,0.0
20210626080000,26/08:00am,7.2,WSW,9,11,0.0
20210626083000,26/08:30am,8.1,WSW,7,9,0.0
20210626090000,26/09:00am,9.1,W,9,11,0.0
20210626093000,26/09:30am,10.8,W,9,11,0.0
20210626100000,26/10:00am,12.6,W,9,15,0.0
20210626103000,26/10:30am,14.2,W,13,17,0.0
20210626110000,26/11:00am,14.6,W,17,28,0.0
20210626113000,26/11:30am,15.3,W,20,32,0.0
20210626120000,26/12:00pm,16.1,W,24,37,0.0
20210626123000,26/12:30pm,16.6,W,26,41,0.0
20210626130000,26/01:00pm,17.1,W,20,37,0.0
20210626133000,26/01:30pm,16.9,W,26,39,0.0
20210626133800,26/01:38pm,16.8,W,28,46,0.0
20210626140000,26/02:00pm,16.9,W,22,39,0.0
20210626143000,26/02:30pm,16.9,WSW,24,39,0.0
20210626150000,26/03:00pm,16.7,WNW,24,37,0.0
20210626153000,26/03:30pm,16.1,W,26,37,0.0
20210626160000,26/04:00pm,15.2,W,19,30,0.0
20210626163000,26/04:30pm,14.6,W,24,43,0.0
20210626170000,26/05:00pm,13.6,WNW,15,26,0.0
20210626173000,26/05:30pm,13.3,WNW,19,30,0.0
20210626180000,26/06:00pm,12.9,W,15,22,0.0
20210626183000,26/06:30pm,12.7,W,13,24,0.0
20210626190000,26/07:00pm,12.2,W,9,15,0.0
20210626193000,26/07:30pm,11.3,W,7,11,0.0
20210626200000,26/08:00pm,10.5,NW,9,11,0.0
20210626203000,26/08:30pm,9.5,WNW,9,13,0.0
20210626210000,26/09:00pm,9.5,W,9,11,0.0
20210626213000,26/09:30pm,8.8,NW,7,11,0.0
20210626220000,26/10:00pm,9.1,NW,6,9,0.0
20210626223000,26/10:30pm,8.5,W,7,11,0.0
20210626230000,26/11:00pm,8.8,WNW,9,11,0.0
20210626233000,26/11:30pm,8.0,W,7,9,0.0
20210627000000,27/12:00am,7.3,CALM,0,0,0.0
20210627003000,27/12:30am,7.1,NW,2,7,0.0
20210627010000,27/01:00am,5.9,NW,6,7,0.0
20210627013000,27/01:30am,5.9,W,7,9,0.0
20210627020000,27/02:00am,5.3,W,2,6,0.0
20210627023000,27/02:30am,5.0,CALM,0,0,0.0
20210627030000,27/03:00am,4.6,SE,6,7,0.0
20210627033000,27/03:30am,5.0,NW,7,11,0.0
20210627040000,27/04:00am,5.0,NW,6,9,0.0
20210627043000,27/04:30am,4.0,CALM,0,4,0.0
20210627050000,27/05:00am,4.2,SW,6,6,0.0
20210627053000,27/05:30am,4.0,W,6,9,0.0
20210627060000,27/06:00am,4.4,W,13,15,0.0
20210627063000,27/06:30am,5.7,WSW,7,13,0.0
20210627070000,27/07:00am,3.6,SSE,7,11,0.0
20210627073000,27/07:30am,4.5,WSW,7,11,0.0
20210627080000,27/08:00am,5.6,ESE,2,6,0.0
20210627083000,27/08:30am,8.4,CALM,0,0,0.0
20210627090000,27/09:00am,9.7,W,7,11,0.0
20210627093000,27/09:30am,10.7,NNW,7,11,0.0
20210627100000,27/10:00am,12.3,WNW,6,9,0.0
20210627103000,27/10:30am,13.3,WNW,9,13,0.0
20210627110000,27/11:00am,14.4,W,9,15,0.0
20210627113000,27/11:30am,15.1,W,13,19,0.0
20210627120000,27/12:00pm,15.8,WSW,11,20,0.0
20210627123000,27/12:30pm,16.1,W,11,15,0.0
20210627130000,27/01:00pm,16.9,WSW,13,17,0.0
20210627133000,27/01:30pm,17.4,WSW,11,17,0.0
20210627140000,27/02:00pm,17.8,SW,11,15,0.0
20210627143000,27/02:30pm,17.9,W,9,15,0.0
20210627150000,27/03:00pm,17.9,SW,9,15,0.0
20210627153000,27/03:30pm,18.1,SW,7,9,0.0
20210627160000,27/04:00pm,17.5,SW,7,11,0.0
20210627163000,27/04:30pm,16.1,SW,7,7,0.0
20210627170000,27/05:00pm,13.5,S,9,13,0.0
20210627173000,27/05:30pm,12.7,SSE,7,9,0.0
20210627180000,27/06:00pm,12.1,SSE,9,11,0.0
20210627183000,27/06:30pm,10.0,SW,7,11,0.0
20210627190000,27/07:00pm,9.2,SW,7,11,0.0
20210627193000,27/07:30pm,11.8,SSW,13,17,0.0
20210627200000,27/08:00pm,10.8,SW,9,13,0.0
20210627203000,27/08:30pm,9.9,SW,9,15,0.0
20210627210000,27/09:00pm,10.3,SW,13,19,0.0
20210627213000,27/09:30pm,10.4,SW,15,20,0.0
20210627220000,27/10:00pm,9.9,SW,13,17,0.0
20210627223000,27/10:30pm,9.4,WSW,13,15,0.0
20210627230000,27/11:00pm,9.1,WSW,13,17,0.0
20210627233000,27/11:30pm,8.9,WSW,13,17,0.0
20210628000000,28/12:00am,8.8,SW,15,19,0.0
20210628003000,28/12:30am,8.3,SW,13,19,0.0
20210628010000,28/01:00am,8.2,WSW,13,17,0.0
20210628013000,28/01:30am,8.0,WSW,15,17,0.0
20210628020000,28/02:00am,7.8,WSW,13,17,0.0
20210628023000,28/02:30am,7.7,WSW,15,19,0.0
20210628030000,28/03:00am,7.4,WSW,17,19,0.0
20210628033000,28/03:30am,7.1,WSW,15,19,0.0
20210628040000,28/04:00am,7.0,WSW,15,19,0.0
20210628043000,28/04:30am,7.0,SW,17,20,0.0
20210628050000,28/05:00am,6.7,SW,17,20,0.0
20210628053000,28/05:30am,6.4,WSW,17,20,0.0
20210628060000,28/06:00am,6.3,WSW,15,17,0.0
20210628063000,28/06:30am,6.0,SW,13,17,0.0
20210628070000,28/07:00am,5.7,WSW,13,17,0.0
20210628073000,28/07:30am,5.8,SW,13,17,0.0
20210628080000,28/08:00am,6.1,SW,13,15,0.0
20210628083000,28/08:30am,7.5,WSW,13,17,0.0
20210628090000,28/09:00am,9.3,W,9,13,0.0
20210628093000,28/09:30am,10.2,W,11,13,0.0
20210628100000,28/10:00am,11.1,W,7,11,0.0
20210628103000,28/10:30am,12.4,WSW,9,11,0.0
20210628110000,28/11:00am,13.8,W,9,13,0.0
20210628113000,28/11:30am,15.6,S,13,19,0.0
20210628120000,28/12:00pm,16.0,SSE,17,24,0.0
20210628123000,28/12:30pm,16.1,SSE,17,26,0.0
20210628130000,28/01:00pm,16.2,SSE,19,26,0.0
20210628133000,28/01:30pm,15.5,S,15,20,0.0
20210628140000,28/02:00pm,15.8,SSE,15,24,0.0
20210628143000,28/02:30pm,15.9,S,17,24,0.0
20210628150000,28/03:00pm,15.6,SSE,17,22,0.0
20210628153000,28/03:30pm,15.4,SSE,15,22,0.0
20210628160000,28/04:00pm,15.0,S,13,20,0.0
20210628163000,28/04:30pm,14.6,S,9,15,0.0
20210628170000,28/05:00pm,13.8,CALM,0,0,0.0
20210628173000,28/05:30pm,12.6,WSW,7,9,0.0
20210628180000,28/06:00pm,12.9,SW,9,13,0.0
20210628183000,28/06:30pm,12.3,SSW,9,13,0.0
20210628190000,28/07:00pm,11.4,SSW,9,11,0.0
20210628193000,28/07:30pm,9.8,SW,7,9,0.0
20210628200000,28/08:00pm,10.1,SW,9,11,0.0
20210628203000,28/08:30pm,10.1,SW,11,13,0.0
20210628210000,28/09:00pm,9.6,SW,9,13,0.0
20210628213000,28/09:30pm,8.9,SW,9,11,0.0
20210628220000,28/10:00pm,8.5,WSW,9,11,0.0
20210628223000,28/10:30pm,7.7,WSW,9,11,0.0
20210628230000,28/11:00pm,8.0,WSW,11,13,0.0
20210628233000,28/11:30pm,7.8,WSW,11,13,0.0
20210629000000,29/12:00am,7.7,WSW,11,13,0.0
20210629003000,29/12:30am,7.0,WSW,9,11,0.0
20210629010000,29/01:00am,7.6,WSW,11,13,0.0
20210629013000,29/01:30am,8.0,WSW,11,13,0.0
20210629020000,29/02:00am,8.0,SW,13,15,0.0
20210629023000,29/02:30am,8.0,SW,11,13,0.0
20210629030000,29/03:00am,7.9,WSW,11,13,0.0
20210629033000,29/03:30am,7.8,WSW,9,13,0.0
20210629040000,29/04:00am,7.3,WSW,9,13,0.0
20210629043000,29/04:30am,7.2,WSW,13,15,0.0
20210629050000,29/05:00am,6.5,WSW,6,9,0.0
20210629053000,29/05:30am,6.0,NW,4,7,0.0
20210629060000,29/06:00am,5.5,W,7,11,0.0
20210629063000,29/06:30am,5.8,WSW,11,13,0.0
20210629070000,29/07:00am,6.2,WSW,11,13,0.0
20210629073000,29/07:30am,7.0,SW,11,15,0.0
20210629080000,29/08:00am,7.4,WSW,11,13,0.0
20210629083000,29/08:30am,8.1,W,7,9,0.0
20210629090000,29/09:00am,9.0,NW,2,6,0.0
20210629093000,29/09:30am,9.9,W,11,13,0.0
20210629100000,29/10:00am,10.9,WNW,7,11,0.0
20210629103000,29/10:30am,12.7,WSW,11,15,0.0
20210629110000,29/11:00am,13.9,WSW,7,9,0.0
20210629113000,29/11:30am,14.3,WNW,7,9,0.0
20210629120000,29/12:00pm,14.2,NNE,2,7,0.0
20210629121600,29/12:16pm,12.9,NNE,11,17,0.2
20210629121800,29/12:18pm,12.9,NNE,11,17,0.2
20210629123000,29/12:30pm,12.8,NNW,7,9,0.2
20210629123600,29/12:36pm,12.8,N,7,9,0.4
20210629130000,29/01:00pm,13.2,WNW,6,9,0.6
20210629130100,29/01:01pm,13.3,W,6,9,0.6
20210629133000,29/01:30pm,14.1,W,9,13,0.6
20210629140000,29/02:00pm,15.0,W,9,11,0.6
20210629143000,29/02:30pm,16.1,S,6,11,0.6
20210629150000,29/03:00pm,15.2,SE,2,7,0.6
20210629153000,29/03:30pm,14.8,S,6,9,0.8
20210629155400,29/03:54pm,14.3,SE,13,19,0.8
20210629160000,29/04:00pm,14.1,SE,11,15,1.2
20210629162200,29/04:22pm,13.7,S,7,9,1.4
20210629163000,29/04:30pm,13.6,SSW,7,9,1.4
20210629165000,29/04:50pm,13.6,SSE,9,13,1.6
20210629170000,29/05:00pm,13.5,S,9,15,1.6
20210629170500,29/05:05pm,13.4,S,9,15,1.6
20210629173000,29/05:30pm,13.0,S,7,9,1.6
20210629180000,29/06:00pm,13.2,E,9,13,1.8
20210629183000,29/06:30pm,13.1,SSE,4,7,1.8
20210629185000,29/06:50pm,12.8,CALM,0,7,2.6
20210629190000,29/07:00pm,13.0,S,7,11,4.4
20210629190400,29/07:04pm,13.0,S,6,9,4.4
20210629193000,29/07:30pm,13.3,E,9,11,5.8
20210629193200,29/07:32pm,13.3,E,9,11,5.8
20210629194800,29/07:48pm,13.3,E,9,13,5.8
20210629200000,29/08:00pm,13.1,ESE,11,15,6.2
20210629201100,29/08:11pm,13.0,ESE,9,15,6.4
20210629202500,29/08:25pm,12.8,ESE,6,7,6.4
20210629203000,29/08:30pm,12.8,SE,4,7,6.4
20210629210000,29/09:00pm,12.6,W,6,9,6.4
20210629213000,29/09:30pm,12.5,WSW,9,11,6.4
20210629220000,29/10:00pm,12.2,SW,7,9,6.4
20210629223000,29/10:30pm,12.2,SW,9,11,6.4
20210629230000,29/11:00pm,12.2,WSW,7,11,6.8
20210629233000,29/11:30pm,12.3,SW,13,17,7.4
20210630000000,30/12:00am,12.1,WSW,7,11,7.4
20210630003000,30/12:30am,11.9,SW,9,11,7.4
20210630010000,30/01:00am,11.9,N,6,13,8.4
20210630012400,30/01:24am,11.8,CALM,0,6,9.4
20210630013000,30/01:30am,11.8,CALM,0,0,9.4
20210630014700,30/01:47am,11.5,WSW,4,7,9.4
20210630020000,30/02:00am,11.5,SW,7,9,9.4
20210630020700,30/02:07am,11.4,SW,9,11,9.4
20210630023000,30/02:30am,11.2,SW,9,11,9.4
20210630030000,30/03:00am,10.8,SW,9,9,9.4
20210630033000,30/03:30am,10.5,SW,6,9,9.4
20210630033200,30/03:32am,10.4,WSW,6,7,9.4
20210630033400,30/03:34am,10.2,WSW,4,7,9.4
20210630034900,30/03:49am,9.9,SW,2,9,9.4
20210630040000,30/04:00am,9.7,SSW,7,9,9.4
20210630040700,30/04:07am,10.7,S,7,9,9.4
20210630043000,30/04:30am,10.3,CALM,0,0,9.4
20210630050000,30/05:00am,10.3,CALM,0,0,9.4
20210630051000,30/05:10am,10.3,CALM,0,0,9.4
20210630051600,30/05:16am,10.1,CALM,0,0,9.4
20210630052700,30/05:27am,9.8,CALM,0,0,9.4
20210630052800,30/05:28am,9.7,CALM,0,0,9.4
20210630053000,30/05:30am,9.7,CALM,0,0,9.4
20210630055900,30/05:59am,9.0,SW,6,9,9.4
20210630060000,30/06:00am,9.0,SW,6,9,9.4
20210630060600,30/06:06am,8.9,W,7,9,9.4
20210630061600,30/06:16am,9.1,WSW,9,11,9.4
20210630062900,30/06:29am,9.3,WSW,9,11,9.4
20210630063000,30/06:30am,9.2,SW,9,11,9.4
20210630065200,30/06:52am,9.0,CALM,0,0,9.4
20210630065700,30/06:57am,8.9,CALM,0,0,9.4
20210630070000,30/07:00am,8.9,CALM,0,0,9.4
20210630070400,30/07:04am,8.9,CALM,0,7,9.4
20210630071900,30/07:19am,9.1,CALM,0,0,9.4
20210630073000,30/07:30am,9.4,CALM,0,0,9.4
20210630080000,30/08:00am,10.2,CALM,0,0,9.4
20210630083000,30/08:30am,11.0,NNW,2,6,9.4
20210630090000,30/09:00am,11.7,CALM,0,9,9.4
20210630093000,30/09:30am,13.5,CALM,0,6,0.0
20210630100000,30/10:00am,15.0,CALM,0,0,0.0
20210630103000,30/10:30am,15.3,CALM,0,0,0.0
20210630110000,30/11:00am,15.9,S,2,6,0.0
20210630113000,30/11:30am,16.6,ENE,4,7,0.0
20210630120000,30/12:00pm,17.5,N,6,9,0.0
20210630123000,30/12:30pm,18.2,NNE,7,15,0.0
20210630130000,30/01:00pm,17.2,N,11,19,0.0
20210630133000,30/01:30pm,17.3,NNE,6,11,0.0
20210630140000,30/02:00pm,17.8,N,9,13,0.0
20210630143000,30/02:30pm,17.4,NNE,13,15,0.0
20210630150000,30/03:00pm,17.0,E,9,11,0.0
20210630153000,30/03:30pm,16.1,E,11,15,0.0
20210630160000,30/04:00pm,15.6,E,13,17,0.0
20210630163000,30/04:30pm,15.0,E,9,13,0.4
20210630170000,30/05:00pm,14.7,E,7,9,0.4
20210630173000,30/05:30pm,14.5,SE,7,9,0.4
20210630180000,30/06:00pm,14.3,SE,6,7,0.6
20210630183000,30/06:30pm,14.0,CALM,0,0,0.6
20210630190000,30/07:00pm,14.1,ESE,6,7,0.6
20210630193000,30/07:30pm,13.6,ESE,6,9,0.6
20210630200000,30/08:00pm,13.6,E,6,7,0.6
20210630202700,30/08:27pm,12.6,ESE,6,6,0.6
20210630203000,30/08:30pm,12.5,ESE,6,7,0.6
20210630204700,30/08:47pm,13.1,ESE,6,7,0.6
20210630210000,30/09:00pm,13.4,ESE,7,7,0.6
20210630213000,30/09:30pm,12.8,NW,4,6,0.6
20210630220000,30/10:00pm,12.9,CALM,0,0,0.6
20210630223000,30/10:30pm,13.1,WSW,7,9,0.6
20210630230000,30/11:00pm,12.9,SW,7,9,0.6
20210630232100,30/11:21pm,11.9,SW,7,9,0.6
20210630233000,30/11:30pm,11.8,SW,6,9,0.6
20210630235300,30/11:53pm,12.1,SW,9,11,0.6
20210701000000,01/12:00am,12.1,SW,9,11,0.6
20210701002100,01/12:21am,11.6,SW,7,9,0.6
20210701003000,01/12:30am,11.7,SW,9,11,0.6
20210701003700,01/12:37am,11.6,SW,9,11,0.6
20210701010000,01/01:00am,11.6,SW,6,11,0.6
20210701012000,01/01:20am,11.4,SW,4,9,0.6
20210701013000,01/01:30am,10.8,CALM,0,0,0.6
20210701013900,01/01:39am,10.4,N,4,7,0.6
20210701014300,01/01:43am,10.3,NNE,6,6,0.6
20210701014400,01/01:44am,10.3,NNE,4,6,0.6
20210701014500,01/01:45am,10.4,NNE,4,6,0.6
20210701015900,01/01:59am,10.1,CALM,0,2,0.6
20210701020000,01/02:00am,10.0,CALM,0,6,0.6
20210701020900,01/02:09am,9.7,ESE,7,9,0.6
20210701021900,01/02:19am,9.3,SE,6,7,0.6
20210701022900,01/02:29am,9.7,SSW,4,7,0.6
20210701023000,01/02:30am,9.8,SSW,2,7,0.6
20210701024100,01/02:41am,9.6,CALM,0,4,0.6
20210701024300,01/02:43am,9.5,CALM,0,0,0.6
20210701025200,01/02:52am,8.9,CALM,0,0,0.6
20210701030000,01/03:00am,8.7,SSW,2,7,0.6
20210701030600,01/03:06am,9.6,S,6,7,0.6
20210701032100,01/03:21am,9.3,SSE,4,6,0.6
20210701033000,01/03:30am,9.3,CALM,0,6,0.6
20210701033400,01/03:34am,8.9,CALM,0,0,0.6
20210701040000,01/04:00am,8.7,CALM,0,0,0.6
20210701041100,01/04:11am,8.8,CALM,0,0,0.6
20210701043000,01/04:30am,8.3,CALM,0,0,0.6
20210701043200,01/04:32am,8.2,CALM,0,0,0.6
20210701043400,01/04:34am,8.0,CALM,0,0,0.6
20210701043900,01/04:39am,7.9,CALM,0,0,0.6
20210701044000,01/04:40am,7.9,CALM,0,0,0.6
20210701050000,01/05:00am,8.2,N,6,7,0.6
20210701051200,01/05:12am,8.4,N,4,9,0.6
20210701053000,01/05:30am,9.0,CALM,0,0,0.6
20210701054500,01/05:45am,8.9,SSE,6,7,0.6
20210701054600,01/05:46am,8.9,SSE,6,7,0.6
20210701060000,01/06:00am,8.8,CALM,0,0,0.6
20210701060500,01/06:05am,8.7,CALM,0,0,0.6
20210701061400,01/06:14am,8.9,CALM,0,0,0.6
20210701063000,01/06:30am,8.8,ESE,4,6,0.6
20210701064000,01/06:40am,9.0,SW,7,9,0.6
20210701070000,01/07:00am,9.2,SW,11,13,0.6
20210701070200,01/07:02am,9.2,SW,9,13,0.6
20210701072300,01/07:23am,9.2,SW,11,15,0.6
20210701073000,01/07:30am,9.2,SW,11,15,0.6
20210701074000,01/07:40am,9.5,SSW,9,13,0.6
20210701075400,01/07:54am,9.7,SW,4,6,0.6
20210701080000,01/08:00am,9.5,W,6,7,0.6
20210701080200,01/08:02am,9.5,WNW,6,7,0.6
20210701080300,01/08:03am,9.4,WNW,6,7,0.6
20210701081000,01/08:10am,9.5,WNW,7,9,0.6
20210701082600,01/08:26am,9.9,CALM,0,0,0.6
20210701082800,01/08:28am,10.0,CALM,0,0,0.6
20210701083000,01/08:30am,10.0,CALM,0,0,0.6
20210701085600,01/08:56am,10.7,WNW,2,7,0.6
20210701090000,01/09:00am,10.8,NW,2,7,0.6
20210701091400,01/09:14am,11.5,CALM,0,0,0.0
20210701093000,01/09:30am,11.6,CALM,0,0,0.0
20210701093600,01/09:36am,11.7,NW,2,7,0.0
20210701094000,01/09:40am,11.6,WNW,4,7,0.0
20210701100000,01/10:00am,12.0,CALM,0,7,0.0
20210701103000,01/10:30am,12.3,WNW,7,9,0.0
20210701110000,01/11:00am,12.4,N,6,9,0.0
20210701113000,01/11:30am,12.7,NNW,6,7,0.0
20210701113700,01/11:37am,12.8,WNW,7,11,0.0
20210701120000,01/12:00pm,14.0,WNW,7,9,0.0
20210701121600,01/12:16pm,14.6,WSW,4,9,0.0
20210701122900,01/12:29pm,14.8,CALM,0,4,0.0
20210701123000,01/12:30pm,14.8,CALM,0,0,0.0
20210701130000,01/01:00pm,16.0,SSW,2,7,0.0
20210701133000,01/01:30pm,16.7,N,7,11,0.0
